Date,Open*,High,Low,Close**,Volume,Market Cap,
07/08/2015,2.83,3.54,2.52,2.77,164329,166610555,
08/08/2015,2.79,2.8,0.71,0.75,674188,45486894,
09/08/2015,0.71,0.88,0.63,0.7,532170,42399573,
10/08/2015,0.71,0.73,0.64,0.71,405283,42818364,
11/08/2015,0.71,1.13,0.66,1.07,1463100,64569288,
12/08/2015,1.06,1.29,0.88,1.22,2150620,73645011,
13/08/2015,1.22,1.97,1.17,1.83,4068680,110607192,
14/08/2015,1.81,2.26,1.75,1.83,4637030,110672322,
15/08/2015,1.8,1.88,1.57,1.69,2554360,102303608,
16/08/2015,1.68,1.7,1.09,1.57,3550790,94901005,
17/08/2015,1.58,1.58,1.19,1.2,1942830,87295367,
18/08/2015,1.22,1.33,1.09,1.09,1485680,78868413,
19/08/2015,1.17,1.32,1.17,1.26,1486240,91366391,
20/08/2015,1.25,1.53,1.25,1.46,2843760,106351420,
21/08/2015,1.48,1.56,1.35,1.4,2020970,101331856,
22/08/2015,1.4,1.48,1.35,1.38,948310,100201826,
23/08/2015,1.38,1.41,1.3,1.35,1589300,98300351,
24/08/2015,1.35,1.36,1.23,1.23,924920,89515257,
25/08/2015,1.23,1.24,1.13,1.14,1307180,82922633,
26/08/2015,1.13,1.2,1.06,1.16,1056750,84390924,
27/08/2015,1.17,1.19,1.14,1.15,686662,83524585,
28/08/2015,1.15,1.21,1.12,1.19,721872,86731077,
29/08/2015,1.19,1.21,1.15,1.18,375377,86113895,
30/08/2015,1.18,1.37,1.17,1.32,1337650,96097349,
31/08/2015,1.32,1.4,1.2,1.36,1447180,98963975,
01/09/2015,1.35,1.39,1.34,1.35,778862,98507500,
02/09/2015,1.35,1.35,1.26,1.29,883769,94389544,
03/09/2015,1.3,1.31,1.21,1.26,702991,92234142,
04/09/2015,1.26,1.3,1.24,1.27,474391,92953701,
05/09/2015,1.28,1.34,1.27,1.34,448453,97683883,
06/09/2015,1.34,1.37,1.29,1.3,491968,94580164,
07/09/2015,1.3,1.31,1.24,1.25,489014,91020735,
08/09/2015,1.25,1.28,1.23,1.24,427892,90743242,
09/09/2015,1.24,1.26,1.2,1.21,366748,88150125,
10/09/2015,1.21,1.22,1.14,1.17,662782,85202732,
11/09/2015,1.16,1.17,0.94,0.98,1942600,71868265,
12/09/2015,0.99,1.11,0.97,1.04,772430,75971273,
13/09/2015,1.04,1.04,0.9,0.94,644138,68480587,
14/09/2015,0.94,0.95,0.87,0.88,741085,64084135,
15/09/2015,0.88,1.05,0.88,0.94,703390,69141409,
16/09/2015,0.94,0.95,0.9,0.91,615593,66437873,
17/09/2015,0.91,0.91,0.83,0.87,897940,64046216,
18/09/2015,0.87,0.89,0.83,0.85,484622,62561883,
19/09/2015,0.85,0.91,0.83,0.88,386988,64687992,
20/09/2015,0.88,0.95,0.87,0.94,508314,68822183,
21/09/2015,0.94,0.96,0.88,0.92,424039,67422915,
22/09/2015,0.92,0.92,0.87,0.9,487914,66180153,
23/09/2015,0.9,0.91,0.89,0.89,200541,65587499,
24/09/2015,0.9,0.91,0.79,0.81,842505,59749888,
25/09/2015,0.82,0.83,0.71,0.74,903457,54085581,
26/09/2015,0.74,0.79,0.71,0.79,369620,57759115,
27/09/2015,0.79,0.79,0.72,0.72,413801,52990396,
28/09/2015,0.72,0.73,0.56,0.58,1320890,42863006,
29/09/2015,0.58,0.68,0.56,0.66,913992,48633259,
30/09/2015,0.66,0.75,0.64,0.74,619926,54351468,
01/10/2015,0.73,0.73,0.66,0.69,596084,50805919,
02/10/2015,0.68,0.69,0.65,0.68,219318,49966502,
03/10/2015,0.68,0.71,0.68,0.69,163326,50616972,
04/10/2015,0.69,0.69,0.66,0.67,103497,49249083,
05/10/2015,0.67,0.67,0.62,0.63,234263,46336892,
06/10/2015,0.62,0.65,0.61,0.65,262674,47974298,
07/10/2015,0.65,0.66,0.6,0.61,218327,44947527,
08/10/2015,0.61,0.63,0.59,0.62,310266,45872837,
09/10/2015,0.66,0.69,0.63,0.65,386420,48022036,
10/10/2015,0.64,0.65,0.62,0.63,141555,46356711,
11/10/2015,0.63,0.64,0.62,0.63,102128,46897253,
12/10/2015,0.63,0.66,0.63,0.63,109567,46253823,
13/10/2015,0.63,0.63,0.6,0.61,303044,44911718,
14/10/2015,0.61,0.61,0.48,0.52,971664,38665409,
15/10/2015,0.52,0.57,0.51,0.56,371022,41556025,
16/10/2015,0.56,0.57,0.52,0.54,249891,39691829,
17/10/2015,0.53,0.56,0.53,0.55,313860,40496031,
18/10/2015,0.55,0.55,0.51,0.52,133690,38329702,
19/10/2015,0.52,0.52,0.48,0.49,243742,36215624,
20/10/2015,0.49,0.5,0.43,0.43,383921,32213626,
21/10/2015,0.43,0.48,0.42,0.45,609085,33150826,
22/10/2015,0.44,0.62,0.42,0.57,924822,42085192,
23/10/2015,0.57,0.61,0.5,0.54,878822,40020348,
24/10/2015,0.54,0.58,0.52,0.56,258356,41809764,
25/10/2015,0.56,0.69,0.56,0.62,635384,45716387,
26/10/2015,0.62,0.76,0.6,0.73,1089120,54289124,
27/10/2015,0.71,0.9,0.71,0.87,1846370,64580263,
28/10/2015,0.87,1.06,0.81,1,2373050,74469864,
29/10/2015,1.01,1.21,0.95,1.21,2279240,89668667,
30/10/2015,1.21,1.35,0.97,1.04,2429200,77401817,
31/10/2015,1.05,1.06,0.9,0.92,673892,68163368,
01/11/2015,0.92,1.08,0.9,1.06,588913,78530263,
02/11/2015,1.06,1.1,0.95,0.99,1145200,73654327,
03/11/2015,0.99,1.07,0.94,1.01,1907690,75434114,
04/11/2015,1.01,1.04,0.73,0.9,3060340,66947930,
05/11/2015,0.9,0.99,0.86,0.9,1179840,66716645,
06/11/2015,0.9,0.99,0.85,0.93,913666,69004595,
07/11/2015,0.92,0.94,0.86,0.93,890187,69172171,
08/11/2015,0.92,1.03,0.92,1.03,1021460,76614488,
09/11/2015,1.03,1.11,0.95,1,2045290,74537426,
10/11/2015,1,1.05,0.92,0.93,854581,69717801,
11/11/2015,0.94,0.95,0.73,0.79,1278580,59103443,
12/11/2015,0.8,0.91,0.76,0.9,806156,66880152,
13/11/2015,0.91,0.92,0.85,0.9,543671,67529354,
14/11/2015,0.91,0.91,0.88,0.89,372514,66410518,
15/11/2015,0.89,0.92,0.87,0.91,411848,67745801,
16/11/2015,0.91,0.94,0.89,0.93,620945,69458011,
17/11/2015,0.92,1.03,0.91,1.01,1145440,75392162,
18/11/2015,0.99,1.01,0.94,0.99,681104,74320769,
19/11/2015,0.99,1.01,0.94,0.96,443528,71517342,
20/11/2015,0.96,0.96,0.9,0.92,614335,69247998,
21/11/2015,0.93,0.98,0.92,0.98,455976,73107357,
22/11/2015,0.98,0.98,0.96,0.97,372173,72523507,
23/11/2015,0.97,0.97,0.93,0.95,441875,70970606,
24/11/2015,0.95,0.95,0.9,0.9,524195,67487356,
25/11/2015,0.89,0.9,0.85,0.86,622991,64760707,
26/11/2015,0.86,0.9,0.8,0.88,947473,66330892,
27/11/2015,0.88,0.9,0.86,0.87,403813,65135635,
28/11/2015,0.87,0.93,0.86,0.92,462464,68742122,
29/11/2015,0.91,0.91,0.86,0.88,448358,65980042,
30/11/2015,0.88,0.9,0.85,0.87,784439,65589555,
01/12/2015,0.88,0.89,0.85,0.87,652857,65738067,
02/12/2015,0.87,0.88,0.82,0.82,506307,61730775,
03/12/2015,0.82,0.84,0.79,0.81,539969,61070307,
04/12/2015,0.81,0.86,0.8,0.84,241278,63189182,
05/12/2015,0.84,0.87,0.82,0.86,232743,64895497,
06/12/2015,0.87,0.88,0.83,0.84,443608,62889050,
07/12/2015,0.84,0.85,0.79,0.81,520409,61084951,
08/12/2015,0.81,0.82,0.78,0.82,445903,61922409,
09/12/2015,0.82,0.82,0.77,0.79,624221,59687098,
10/12/2015,0.8,0.86,0.79,0.84,369589,63342630,
11/12/2015,0.84,0.93,0.82,0.93,801072,70101842,
12/12/2015,0.93,1.05,0.93,0.98,1376280,73686284,
13/12/2015,0.97,0.99,0.94,0.95,273614,71894531,
14/12/2015,0.96,1.01,0.95,0.99,563436,74947760,
15/12/2015,0.99,1.03,0.98,1.01,578618,76568082,
16/12/2015,1.02,1.02,0.97,0.99,320767,74858729,
17/12/2015,0.99,1,0.91,0.94,640765,71069938,
18/12/2015,0.94,0.94,0.91,0.92,300787,69538663,
19/12/2015,0.92,0.93,0.89,0.91,343535,68650439,
20/12/2015,0.91,0.94,0.9,0.9,472164,68356313,
21/12/2015,0.91,0.92,0.89,0.9,549113,68143246,
22/12/2015,0.89,0.91,0.86,0.86,454249,65398932,
23/12/2015,0.86,0.88,0.86,0.86,334993,64957356,
24/12/2015,0.86,0.88,0.85,0.86,354646,65371538,
25/12/2015,0.86,0.88,0.86,0.87,187114,65931377,
26/12/2015,0.87,0.9,0.84,0.85,425282,64758910,
27/12/2015,0.85,0.86,0.84,0.86,164565,64913919,
28/12/2015,0.86,0.87,0.83,0.85,235134,64074279,
29/12/2015,0.84,0.87,0.83,0.87,215742,66222901,
30/12/2015,0.87,0.94,0.87,0.91,604078,69196765,
31/12/2015,0.91,0.98,0.91,0.93,663994,70858023,
01/01/2016,0.93,0.95,0.93,0.95,206062,71980386,
02/01/2016,0.95,0.97,0.94,0.94,255504,71176658,
03/01/2016,0.94,0.99,0.93,0.97,407632,73843292,
04/01/2016,0.97,0.98,0.93,0.95,346245,72543707,
05/01/2016,0.95,0.97,0.95,0.95,219833,72240974,
06/01/2016,0.95,0.96,0.94,0.95,308791,72317149,
07/01/2016,0.96,0.97,0.94,0.94,647462,71667152,
08/01/2016,0.94,0.99,0.94,0.99,545600,75099809,
09/01/2016,0.99,0.99,0.97,0.99,226281,75128312,
10/01/2016,0.99,1,0.98,1,390888,76097646,
11/01/2016,1,1.07,1,1.06,1011920,80874514,
12/01/2016,1.07,1.28,1.05,1.14,2898760,86951446,
13/01/2016,1.14,1.15,1.08,1.13,1005910,85775572,
14/01/2016,1.12,1.19,1.1,1.19,751961,90714399,
15/01/2016,1.18,1.32,1.14,1.21,3910550,92149709,
16/01/2016,1.22,1.31,1.17,1.22,2462630,93117298,
17/01/2016,1.22,1.33,1.21,1.33,1171150,101329330,
18/01/2016,1.33,1.54,1.32,1.43,4278930,108912542,
19/01/2016,1.42,1.46,1.31,1.37,2446740,104750746,
20/01/2016,1.36,1.62,1.35,1.53,2933220,117043472,
21/01/2016,1.53,1.59,1.49,1.55,1614960,118743869,
22/01/2016,1.55,1.58,1.47,1.5,1567240,114784065,
23/01/2016,1.5,2.03,1.5,1.97,7370980,150874912,
24/01/2016,1.9,2.3,1.9,2.14,9669770,163819884,
25/01/2016,2.15,2.66,2.06,2.5,10739300,191276220,
26/01/2016,2.53,2.84,1.99,2.28,13939200,174275656,
27/01/2016,2.25,2.59,2.19,2.39,6961080,182923580,
28/01/2016,2.41,2.68,2.34,2.53,4903850,193551356,
29/01/2016,2.54,2.61,2.3,2.49,6662340,191198055,
30/01/2016,2.51,2.61,2.4,2.45,3725080,187435391,
31/01/2016,2.44,2.53,2.19,2.31,5847500,176834424,
01/02/2016,2.32,2.32,2.12,2.21,3994100,169654871,
02/02/2016,2.22,2.45,2.16,2.44,3451270,187200922,
03/02/2016,2.43,2.54,2.34,2.53,3987750,194099730,
04/02/2016,2.53,2.63,2.44,2.58,3552320,197953037,
05/02/2016,2.57,2.61,2.47,2.54,2636700,195018592,
06/02/2016,2.53,2.56,2.47,2.53,1921240,194733892,
07/02/2016,2.54,3.06,2.54,2.96,7007060,227838892,
08/02/2016,2.97,3.27,2.88,3.18,9725690,244479014,
09/02/2016,3.17,4.04,3.17,4.04,17954000,311075408,
10/02/2016,4,4.86,3.78,4.44,28640400,341305129,
11/02/2016,4.5,6.29,4.34,6.01,26408200,462770855,
12/02/2016,5.95,6.58,5.07,5.55,23360800,427037697,
13/02/2016,5.69,5.72,4.19,5.39,24218800,414729231,
14/02/2016,5.4,5.47,4.45,5.24,11226500,403647764,
15/02/2016,5.33,5.89,5.02,5.29,13934200,407524960,
16/02/2016,5.33,5.47,4.03,4.32,15889100,332648533,
17/02/2016,4.29,4.77,3.5,3.76,15451000,289721943,
18/02/2016,3.77,4.77,3.42,4.4,17054000,339328346,
19/02/2016,4.38,4.79,4.27,4.74,7666320,365577845,
20/02/2016,4.68,4.75,4.13,4.34,8631090,335088727,
21/02/2016,4.36,4.71,4.23,4.65,6413550,359310563,
22/02/2016,4.66,5.65,4.64,5.62,15056200,433798974,
23/02/2016,5.68,5.95,5.39,5.59,13380600,431598157,
24/02/2016,5.6,6.24,5.51,6.24,11426500,481995066,
25/02/2016,6.19,6.65,5.55,6.1,21471800,471975064,
26/02/2016,6.04,6.27,5.74,5.92,9526860,457966535,
27/02/2016,5.96,6.53,5.92,6.43,8903210,497119698,
28/02/2016,6.41,6.62,6.24,6.47,9851660,500569665,
29/02/2016,6.46,6.61,6.05,6.34,7648020,490556570,
01/03/2016,6.32,7.91,6.31,7.65,23098100,592677993,
02/03/2016,7.63,8.75,7.37,8.47,29130200,655748796,
03/03/2016,8.44,10.1,8.33,9.29,40314900,720179291,
04/03/2016,9.24,10.41,8.48,10.41,35520100,806593727,
05/03/2016,10.37,12.27,9.97,11,56439600,853205226,
06/03/2016,11.2,11.84,9.99,11.38,39112000,882886756,
07/03/2016,11.43,11.65,9.31,9.55,34085100,741166643,
08/03/2016,9.58,10.17,8.82,9.85,25524300,764269545,
09/03/2016,9.79,12.05,9.67,11.9,27540500,923733301,
10/03/2016,11.88,12.24,10.99,11.31,26851500,877988473,
11/03/2016,11.22,11.6,10.39,11.08,21002700,861012043,
12/03/2016,11.13,13.53,11.09,13.53,48957300,1051728778,
13/03/2016,13.51,15.26,13.47,14.48,43915100,1125287882,
14/03/2016,14.51,15.01,11.58,12.45,58385100,968384041,
15/03/2016,13,13.2,12.05,13.01,28404500,1012119266,
16/03/2016,13.02,13.73,12.5,12.52,24335500,974447125,
17/03/2016,12.56,12.64,10.44,11.08,41650600,865792703,
18/03/2016,11.11,11.18,8.52,11,53956800,859618881,
19/03/2016,11.2,11.2,9.78,10.53,26735700,823422650,
20/03/2016,10.52,10.9,9.57,10.32,17651100,807256577,
21/03/2016,10.3,12.01,10.16,11.86,28572600,928428770,
22/03/2016,11.88,12.03,11.18,11.27,19730300,883434497,
23/03/2016,11.33,12.43,11.24,12.42,19353200,973296475,
24/03/2016,12.44,12.5,10.8,11.23,26081800,881027910,
25/03/2016,11.26,11.37,10.53,10.74,13782000,842804289,
26/03/2016,10.77,11.18,10.59,10.97,9425480,861261383,
27/03/2016,10.99,11.05,10.11,10.42,16744800,818048967,
28/03/2016,10.43,11.86,10.41,11.67,23188300,916272916,
29/03/2016,11.75,11.91,11.35,11.66,17684200,915917612,
30/03/2016,11.61,12.18,11.47,11.95,19351200,939593767,
31/03/2016,11.92,12.01,11.32,11.4,14966700,896764774,
01/04/2016,11.4,11.85,11.4,11.66,11373100,917590806,
02/04/2016,11.63,11.69,11.4,11.6,8682620,912861404,
03/04/2016,11.63,11.71,11.51,11.62,5580550,914757199,
04/04/2016,11.62,11.62,11.02,11.16,9599070,878817015,
05/04/2016,11.21,11.21,10.13,10.44,20557300,822498173,
06/04/2016,10.45,10.97,10.28,10.69,16997100,842318789,
07/04/2016,10.7,10.81,9.95,10.07,13464500,794097554,
08/04/2016,10.08,10.39,9.66,9.72,14660600,766797893,
09/04/2016,9.69,10.09,9.07,9.15,16194800,722193576,
10/04/2016,9.15,9.22,7.46,8.94,42613400,705565730,
11/04/2016,8.94,8.95,8,8.64,15138100,682735835,
12/04/2016,8.64,8.64,7.15,7.44,23190100,588069234,
13/04/2016,7.44,8.72,7.07,8.04,31403300,635899507,
14/04/2016,8.08,8.76,8.02,8.39,13590700,663262434,
15/04/2016,8.39,8.62,8.1,8.24,12179000,652099781,
16/04/2016,8.24,8.65,8.11,8.61,9888460,681383666,
17/04/2016,8.62,9.7,8.56,9.31,24619600,737045140,
18/04/2016,9.33,9.51,8.5,9.04,21084100,715710193,
19/04/2016,9.08,9.31,8.6,8.71,12899100,690548723,
20/04/2016,8.69,8.83,8.31,8.47,15634700,671081004,
21/04/2016,8.45,8.72,7.96,8.1,13355400,642511137,
22/04/2016,8.15,8.27,7.67,7.82,13309300,620481616,
23/04/2016,7.79,8.55,7.74,8.29,14565200,658310822,
24/04/2016,8.29,8.47,7.96,8,10786400,635274078,
25/04/2016,8.01,8.09,7.24,7.55,18239900,600026226,
26/04/2016,7.53,7.55,7.06,7.4,17667300,587763650,
27/04/2016,7.39,7.97,7.32,7.76,19254500,616849026,
28/04/2016,7.74,7.91,7.17,7.17,11576000,570380061,
29/04/2016,7.21,7.73,7.17,7.46,8762080,593261114,
30/04/2016,7.45,9.37,7.45,8.81,36573300,701473017,
01/05/2016,8.78,9.01,8.43,8.85,16713800,704335725,
02/05/2016,8.89,10.32,8.85,10.16,41019200,809492236,
03/05/2016,10.17,10.17,9.28,9.31,21463900,741932869,
04/05/2016,9.38,10.03,9.27,9.41,17622400,750396087,
05/05/2016,9.4,10.05,9.29,9.83,18296200,783576042,
06/05/2016,9.81,9.95,9.04,9.35,21510600,745638476,
07/05/2016,9.32,9.48,9.21,9.37,10806500,747838842,
08/05/2016,9.37,9.6,8.93,9.48,15031000,757112769,
09/05/2016,9.49,9.64,9.2,9.3,13085300,742621899,
10/05/2016,9.28,9.48,9.26,9.36,9321790,748013846,
11/05/2016,9.43,10.01,9.39,10,15267500,799045673,
12/05/2016,10,10.51,9.86,10.06,24137700,804287196,
13/05/2016,10.06,11.05,10.02,10.51,31276900,840514936,
14/05/2016,10.51,10.61,9.81,10.24,18808000,819487228,
15/05/2016,10.24,10.44,9.93,9.96,9218400,797607883,
16/05/2016,9.97,11.44,9.97,11.17,29079900,894750992,
17/05/2016,11.19,12.49,11.15,12.2,37198700,977439936,
18/05/2016,12.18,14.26,12.18,13.56,65389900,1086834954,
19/05/2016,13.54,14.87,13.34,14.77,53757500,1184385765,
20/05/2016,14.85,15.05,13.38,13.64,50544100,1093879433,
21/05/2016,13.69,14.05,13.12,14.02,24648400,1124761560,
22/05/2016,14.04,14.35,13.77,14.29,17938900,1146979484,
23/05/2016,14.28,14.49,13.19,13.46,23842800,1081207347,
24/05/2016,13.31,13.77,12.01,12.73,41560600,1023046506,
25/05/2016,12.79,12.9,11.77,12.53,27444700,1006875564,
26/05/2016,12.52,12.99,12.06,12.43,20764000,999589702,
27/05/2016,12.39,12.39,10.5,11.3,57496400,908715671,
28/05/2016,11.33,12.36,10.37,11.89,47274800,957134590,
29/05/2016,12.11,12.69,11.78,12.35,28598400,994349367,
30/05/2016,12.33,12.88,12.27,12.73,14733800,1024940354,
31/05/2016,12.74,14.27,12.64,14.08,42433400,1134278934,
01/06/2016,14.11,14.32,13.44,14,22471300,1128621280,
02/06/2016,13.99,14.05,13.63,13.74,10477200,1107823663,
03/06/2016,13.74,13.87,13.25,13.85,22981500,1117035879,
04/06/2016,13.86,13.95,13.42,13.74,15792400,1108902326,
05/06/2016,13.76,14.07,13.57,13.98,11088400,1128276672,
06/06/2016,14,14.06,13.73,13.93,8720400,1125426017,
07/06/2016,13.95,14.51,13.81,14.51,21421600,1172565099,
08/06/2016,14.51,14.78,14.28,14.42,16941800,1165411416,
09/06/2016,14.43,14.57,14.34,14.4,8256830,1164331165,
10/06/2016,14.38,14.43,13.82,13.91,11312900,1125141726,
11/06/2016,13.91,14.19,13.72,14.19,12176500,1148494818,
12/06/2016,14.19,15.9,14.19,15.74,38210300,1274609697,
13/06/2016,15.77,17.64,15.72,17.6,38023400,1425681023,
14/06/2016,17.61,19.27,17.3,18.89,64412200,1530808958,
15/06/2016,18.91,18.91,17.71,18.35,19393400,1487730475,
16/06/2016,18.36,20.83,18.36,20.59,38531000,1669490450,
17/06/2016,20.65,21.52,13.57,15.38,199408000,1247381862,
18/06/2016,15.38,15.38,9.96,11.33,133937000,919553125,
19/06/2016,11.17,13.18,10.64,12.23,69783600,993283674,
20/06/2016,12.24,12.45,10.52,11.84,58143600,961613934,
21/06/2016,11.82,13.42,11.29,13.31,69245600,1081206507,
22/06/2016,13.2,15.79,13.1,13.1,96994096,1064441461,
23/06/2016,13.22,13.79,12.56,13.68,30806400,1112111665,
24/06/2016,13.68,14.57,13.22,14.33,33332900,1165908840,
25/06/2016,14.3,14.58,14.02,14.28,15383100,1162367709,
26/06/2016,14.26,14.37,13.66,13.85,14747600,1127593040,
27/06/2016,13.81,14.12,13.75,13.88,10994700,1130782777,
28/06/2016,13.93,13.98,11.72,12.18,43436600,992040075,
29/06/2016,12.17,13.04,11.69,12.61,26982800,1027934140,
30/06/2016,12.6,12.74,12.25,12.46,15801300,1016130567,
01/07/2016,12.44,12.49,11.73,12.2,17236500,995164390,
02/07/2016,12.22,12.22,11.95,12.13,8987070,989751702,
03/07/2016,12.12,12.15,11.59,11.72,10588700,956815986,
04/07/2016,11.7,11.88,11.39,11.47,12943500,936840410,
05/07/2016,11.46,11.52,9.58,10.61,45526900,866971680,
06/07/2016,10.58,11.11,10.28,10.53,18137300,860571470,
07/07/2016,10.54,10.57,9.8,10.11,15407200,826607193,
08/07/2016,10.12,11.52,9.96,11.39,20039800,932056896,
09/07/2016,11.42,11.46,10.73,10.97,17254800,897316512,
10/07/2016,10.96,11.01,10.78,10.95,5479240,896201853,
11/07/2016,10.94,11.01,10.26,10.46,13098000,856538034,
12/07/2016,10.45,10.76,10.43,10.52,11127700,861548337,
13/07/2016,10.51,10.59,10.4,10.5,6715660,860607720,
14/07/2016,10.6,11.68,10.6,11.51,23621900,943973547,
15/07/2016,11.5,12.43,11.49,11.95,26838900,980299532,
16/07/2016,11.92,11.94,11.59,11.65,10445700,956165958,
17/07/2016,11.62,11.67,11.01,11.16,17921600,915977475,
18/07/2016,11.17,11.61,10.95,11.03,15931900,906133047,
19/07/2016,11.05,12.01,11.01,11.62,21730000,954516828,
20/07/2016,11.59,12.99,11.57,12.45,60226100,1023222624,
21/07/2016,12.46,12.71,11.99,12.65,24636900,1040082090,
22/07/2016,12.66,14.81,12.54,14.66,74779504,1205898353,
23/07/2016,14.67,14.9,14.05,14.3,32489700,1176571490,
24/07/2016,14.3,14.44,12.32,12.75,77750800,1049423539,
25/07/2016,12.74,13.86,12.68,13.84,36673800,1139304848,
26/07/2016,13.82,13.85,11.73,11.99,94428800,987619812,
27/07/2016,12.05,13.31,11.84,12.97,58278800,1069044527,
28/07/2016,12.98,12.99,12.49,12.84,24603900,1058813509,
29/07/2016,12.84,12.87,12.55,12.79,14082300,1055182413,
30/07/2016,12.8,12.8,12.46,12.46,9047810,1028064459,
31/07/2016,12.44,12.51,11.55,11.88,25441400,980174931,
01/08/2016,11.89,12.01,10.94,10.94,23999500,903408507,
02/08/2016,10.95,11.14,8.2,8.79,88803296,725809584,
03/08/2016,8.88,10.42,8.88,10.29,53979400,850578647,
04/08/2016,10.31,11.29,10.16,11.04,38151400,912823135,
05/08/2016,11.02,11.18,10.76,10.93,15487900,903471435,
06/08/2016,10.92,10.94,10.29,10.88,16712600,900151688,
07/08/2016,10.86,11.09,10.78,10.91,16551000,903026897,
08/08/2016,10.91,11.33,10.86,11.25,14956700,931013385,
09/08/2016,11.27,12.45,11.2,12.24,36656600,1014113084,
10/08/2016,12.23,12.46,11.98,12.14,28096300,1006130318,
11/08/2016,12.14,12.27,11.63,11.69,17505000,969030731,
12/08/2016,11.69,12.04,11.64,11.78,13690100,976670290,
13/08/2016,11.77,11.79,11.51,11.57,7539490,959859186,
14/08/2016,11.58,11.69,11.1,11.19,8680160,928985642,
15/08/2016,11.2,11.31,11,11.22,7500840,931306989,
16/08/2016,11.23,11.24,11,11.14,7051510,925130735,
17/08/2016,11.13,11.15,10.75,10.75,8833760,893343056,
18/08/2016,10.75,11.01,10.74,10.76,6935800,893970119,
19/08/2016,10.75,10.8,10.73,10.75,5390850,893697474,
20/08/2016,10.75,11.3,10.75,11.25,7443540,935523908,
21/08/2016,11.25,11.25,10.99,11.18,4355660,930217061,
22/08/2016,11.19,11.34,11.07,11.12,6588920,925725247,
23/08/2016,11.14,11.23,10.9,11.03,6489380,918563334,
24/08/2016,11.02,11.15,11.01,11.04,4423420,919368975,
25/08/2016,11.03,11.39,11.02,11.36,8552380,946508890,
26/08/2016,11.35,11.45,11.21,11.3,5857850,941701926,
27/08/2016,11.29,11.29,11.14,11.15,15108400,929789646,
28/08/2016,11.15,11.15,10.92,10.93,5303040,911883241,
29/08/2016,10.92,11.15,10.79,10.98,8130540,916781161,
30/08/2016,10.99,11.3,10.96,11.23,7221260,937596563,
31/08/2016,11.24,11.68,11.18,11.67,11073700,975003119,
01/09/2016,11.67,12.58,11.65,11.99,24051500,1002322694,
02/09/2016,11.96,12.31,11.88,12.11,9368300,1012583470,
03/09/2016,12.11,12.36,11.35,11.76,13358800,983336326,
04/09/2016,11.75,11.79,11.47,11.68,7220550,977118527,
05/09/2016,11.68,11.81,11.59,11.72,5724100,980599518,
06/09/2016,11.73,11.73,11.47,11.69,6346330,978635238,
07/09/2016,11.69,11.73,11.52,11.55,6115050,967186182,
08/09/2016,11.55,11.7,11.25,11.35,11535000,950629714,
09/09/2016,11.41,11.68,11.39,11.65,6109200,976718524,
10/09/2016,11.66,12.22,11.54,12.17,7220300,1020331771,
11/09/2016,12.21,12.21,11.59,11.64,8791180,976259356,
12/09/2016,11.64,11.95,11.61,11.89,7478080,998057810,
13/09/2016,11.89,12.09,11.88,11.92,11704300,1000535934,
14/09/2016,11.9,12,11.86,11.92,5694820,1001301306,
15/09/2016,11.94,12.14,11.92,11.94,7309090,1002844845,
16/09/2016,11.96,12.75,11.9,12.56,17421500,1055235487,
17/09/2016,12.56,12.76,12.44,12.7,7446610,1067645133,
18/09/2016,12.69,12.99,12.16,12.43,22433300,1045462817,
19/09/2016,12.44,13.19,12.42,13.19,13838800,1109717807,
20/09/2016,13.21,14.43,13.12,14.43,31929100,1214629780,
21/09/2016,14.43,14.43,13.17,13.77,28645000,1159365902,
22/09/2016,13.66,13.66,12.48,13.25,27382800,1115922936,
23/09/2016,13.21,13.45,13.1,13.33,9166430,1123430818,
24/09/2016,13.32,13.34,12.68,12.88,9824880,1085651021,
25/09/2016,12.85,13.11,12.8,13.1,5283440,1104901553,
26/09/2016,13.17,13.17,12.74,12.82,7213070,1081884909,
27/09/2016,12.86,13.21,12.86,13.1,6831070,1105565483,
28/09/2016,13.11,13.48,13.08,13.27,10239000,1120893441,
29/09/2016,13.28,13.34,13.07,13.07,5990630,1104310043,
30/09/2016,13.08,13.34,13.02,13.22,5950840,1117517388,
01/10/2016,13.2,13.31,13.05,13.17,6331160,1113568557,
02/10/2016,13.18,13.3,13.14,13.2,4079660,1116323115,
03/10/2016,13.2,13.49,13.19,13.45,7458320,1138142255,
04/10/2016,13.45,13.53,13.21,13.28,8348280,1123727868,
05/10/2016,13.28,13.35,13.04,13.04,9881370,1103736600,
06/10/2016,13.03,13.14,12.69,12.85,12044800,1088798918,
07/10/2016,12.85,12.99,12.53,12.67,8933050,1073405275,
08/10/2016,12.67,12.69,12.05,12.22,11611200,1035883228,
09/10/2016,12.22,12.36,11.98,12.05,7208480,1022264082,
10/10/2016,12.06,12.06,11.62,11.76,10809200,997363895,
11/10/2016,11.76,12.16,11.75,11.79,11727700,1000308761,
12/10/2016,11.78,12.07,11.71,11.93,9694640,1013248317,
13/10/2016,11.91,12.13,11.78,11.96,8665190,1016169767,
14/10/2016,11.99,12.07,11.9,11.94,4333510,1014456176,
15/10/2016,11.94,12,11.78,11.98,4991840,1018682988,
16/10/2016,11.98,12.01,11.93,11.95,3617280,1016373308,
17/10/2016,11.96,12.03,11.86,12.01,5724440,1021302744,
18/10/2016,12,12.93,12,12.59,18864200,1071362741,
19/10/2016,12.59,12.62,11.91,12.02,10576200,1023599502,
20/10/2016,12.05,12.29,12,12.1,8170760,1030522234,
21/10/2016,12.13,12.21,12.02,12.18,5676920,1037420190,
22/10/2016,12.18,12.19,11.95,12.07,7583820,1028949804,
23/10/2016,12.13,12.14,11.94,12.04,5774660,1026301229,
24/10/2016,12.04,12.1,11.91,11.97,5739690,1020971991,
25/10/2016,11.97,11.99,11.15,11.41,19316000,973991742,
26/10/2016,11.38,11.66,11.38,11.53,10221800,984429110,
27/10/2016,11.53,11.61,11.26,11.5,13255400,982033774,
28/10/2016,11.47,11.58,10.95,11.09,13971500,946972469,
29/10/2016,11.1,11.2,9.56,10.44,27070400,892565736,
30/10/2016,10.43,11.45,10.29,11.18,16694900,956007454,
31/10/2016,11.23,11.5,10.94,11,13393900,940578264,
01/11/2016,10.96,11.18,10.3,10.77,22901300,921057444,
02/11/2016,10.77,11.16,10.69,10.75,11691700,920236997,
03/11/2016,10.8,11.11,10.76,10.8,15228600,924716659,
04/11/2016,10.82,11.12,10.82,11.09,9958040,949862035,
05/11/2016,11.09,11.24,10.88,11,5502670,942653972,
06/11/2016,10.99,11.25,10.85,10.87,5688710,931947467,
07/11/2016,10.9,10.96,10.78,10.81,5992480,926761430,
08/11/2016,10.85,10.92,10.74,10.83,6258150,929246807,
09/11/2016,10.82,10.83,10.22,10.66,14606600,914292103,
10/11/2016,10.67,10.68,10.51,10.52,4253980,903380024,
11/11/2016,10.51,10.57,10.26,10.29,6056300,883565427,
12/11/2016,10.29,10.34,9.7,9.88,10052500,848509382,
13/11/2016,9.89,10.41,9.84,10.1,8227770,868038290,
14/11/2016,10.1,10.16,9.96,9.97,3573250,856753361,
15/11/2016,9.97,10.32,9.85,10.22,6557550,878653067,
16/11/2016,10.22,10.33,9.93,10.06,9533550,865349966,
17/11/2016,10.06,10.19,9.92,9.99,6984700,859814328,
18/11/2016,9.99,10.01,9.48,9.48,10816100,815806832,
19/11/2016,9.48,9.75,9.48,9.66,5186540,832183861,
20/11/2016,9.66,9.71,9.52,9.58,5173420,825305262,
21/11/2016,9.58,9.64,9.54,9.62,3663210,829190391,
22/11/2016,9.63,10.24,9.59,9.91,11284400,854053528,
23/11/2016,9.92,9.96,9.76,9.84,4812310,849020680,
24/11/2016,9.85,9.85,8.93,9.23,15987800,796538442,
25/11/2016,9.23,9.75,9.21,9.4,7669720,811553949,
26/11/2016,9.42,9.5,9.31,9.33,3505990,805474198,
27/11/2016,9.31,9.33,8.78,9,8707660,777313922,
28/11/2016,9,9.01,8.72,8.72,6046890,753971438,
29/11/2016,8.73,8.74,7.88,8.17,17000400,706651179,
30/11/2016,8.16,8.75,8.16,8.59,10626600,742664775,
01/12/2016,8.6,8.65,8.36,8.45,5882340,731254342,
02/12/2016,8.46,8.46,7.42,7.76,18579800,671587252,
03/12/2016,7.77,8.15,7.67,7.92,12112100,685808136,
04/12/2016,7.9,7.95,7.44,7.44,8450790,644685715,
05/12/2016,7.41,7.64,6.66,6.82,17344500,591026579,
06/12/2016,6.8,7.92,5.98,7.87,50671200,682013454,
07/12/2016,7.89,8.54,7.33,8.38,22229600,726702380,
08/12/2016,8.38,8.86,8.23,8.23,16042700,713877391,
09/12/2016,8.17,8.67,8.05,8.45,12916300,732836297,
10/12/2016,8.44,8.53,8.02,8.13,8108370,705254561,
11/12/2016,8.13,8.27,8.1,8.19,5545500,711457159,
12/12/2016,8.19,8.61,8.17,8.52,9119700,740255866,
13/12/2016,8.52,8.53,8.35,8.42,4486190,731892846,
14/12/2016,8.45,8.52,8.25,8.27,7337220,718460239,
15/12/2016,8.24,8.24,7.72,7.83,13184400,680740349,
16/12/2016,7.86,7.93,7.8,7.86,5178610,683575806,
17/12/2016,7.86,7.9,7.52,7.88,8502620,685426528,
18/12/2016,7.86,7.93,7.72,7.87,5890020,684696555,
19/12/2016,7.87,7.87,7.63,7.64,5894760,665654987,
20/12/2016,7.63,7.75,7.57,7.66,6313550,667309961,
21/12/2016,7.66,7.94,7.66,7.91,9393550,689718972,
22/12/2016,7.9,7.91,7.5,7.59,16376700,661247899,
23/12/2016,7.58,7.69,7.16,7.17,19613100,624956487,
24/12/2016,7.15,7.41,7.15,7.27,7626020,633871896,
25/12/2016,7.26,7.34,7.14,7.18,8671840,626189631,
26/12/2016,7.13,7.33,7.05,7.27,5836810,635060699,
27/12/2016,7.28,7.32,7.09,7.17,8778610,626268701,
28/12/2016,7.15,7.62,7.08,7.52,17453300,657011884,
29/12/2016,7.54,8.53,7.54,8.28,27543800,724028107,
30/12/2016,8.29,8.47,8.05,8.16,13909900,713433620,
31/12/2016,8.15,8.16,7.91,7.97,9066800,696993600,
01/01/2017,7.98,8.47,7.98,8.17,14731700,715049208,
02/01/2017,8.17,8.44,8.05,8.38,14579600,733331654,
03/01/2017,8.37,10,8.32,9.73,33625200,851512055,
04/01/2017,9.71,11.28,9.56,11.25,41051200,985515893,
05/01/2017,11.29,11.89,9.4,10.25,41557400,898497892,
06/01/2017,10.29,10.63,9.63,10.25,29471800,898845928,
07/01/2017,10.24,10.28,9.59,9.87,23153600,865194523,
08/01/2017,9.87,10.39,9.83,10.29,16676600,902576769,
09/01/2017,10.31,10.78,10.14,10.33,25718300,906044584,
10/01/2017,10.37,10.69,10.29,10.55,10879700,926031183,
11/01/2017,10.54,10.66,9.46,9.72,26823500,853319722,
12/01/2017,9.72,10.08,9.18,9.86,30453800,866237622,
13/01/2017,9.83,9.85,9.51,9.77,25066600,858481082,
14/01/2017,9.79,9.89,9.44,9.65,20085800,847990590,
15/01/2017,9.83,10,9.6,9.9,14837900,870948977,
16/01/2017,9.88,9.93,9.58,9.64,14937400,847706513,
17/01/2017,9.64,10.61,9.54,10.3,18391900,906597925,
18/01/2017,10.3,10.52,9.94,10.23,10788200,900365728,
19/01/2017,10.24,10.44,10.18,10.4,8347550,915611849,
20/01/2017,10.39,10.76,10.35,10.6,10992800,933854252,
21/01/2017,10.6,10.98,10.58,10.91,11937600,961383820,
22/01/2017,10.91,10.97,10.58,10.7,8678620,943567856,
23/01/2017,10.71,10.84,10.67,10.82,7267210,954275900,
24/01/2017,10.73,10.77,10.57,10.63,8327330,938004330,
25/01/2017,10.62,10.62,10.48,10.57,6751450,932866678,
26/01/2017,10.57,10.67,10.51,10.59,8465020,934844928,
27/01/2017,10.58,10.61,10.44,10.54,7189170,930599699,
28/01/2017,10.54,10.58,10.43,10.56,6580700,933378690,
29/01/2017,10.56,10.57,10.45,10.48,4689950,926548657,
30/01/2017,10.49,10.71,10.47,10.57,8042180,934593362,
31/01/2017,10.56,10.75,10.55,10.73,11648700,948748952,
01/02/2017,10.74,10.85,10.56,10.73,12852200,949491718,
02/02/2017,10.74,10.89,10.55,10.82,10172500,957731836,
03/02/2017,10.81,11.11,10.76,11.11,12897800,984019776,
04/02/2017,11.13,11.5,11.13,11.43,14139500,1012625893,
05/02/2017,11.44,11.49,11.32,11.35,5942960,1005855021,
06/02/2017,11.35,11.48,11.34,11.39,5695440,1009440330,
07/02/2017,11.43,11.61,11.41,11.52,7629640,1020961130,
08/02/2017,11.54,11.63,11.24,11.43,9688630,1013867331,
09/02/2017,11.44,11.6,10.67,11.03,18400300,978825690,
10/02/2017,11.05,11.34,10.78,11.28,11914200,1001069228,
11/02/2017,11.29,11.43,11.24,11.35,7544520,1007694076,
12/02/2017,11.35,11.4,11.3,11.4,6264900,1012466457,
13/02/2017,11.38,11.39,11.17,11.27,7216520,1001304093,
14/02/2017,11.29,13.33,11.29,13.03,42911500,1157709435,
15/02/2017,13.04,13.04,12.64,12.92,18464700,1148742628,
16/02/2017,12.92,12.92,12.54,12.9,38002600,1147726668,
17/02/2017,12.9,12.91,12.66,12.68,11636500,1127915204,
18/02/2017,12.71,12.83,12.68,12.81,9370010,1140211197,
19/02/2017,12.82,12.87,12.71,12.76,7799740,1136008890,
20/02/2017,12.77,12.9,12.43,12.43,12994400,1107158285,
21/02/2017,12.34,12.77,12.21,12.67,15183300,1128781640,
22/02/2017,12.69,12.76,12.55,12.6,10360900,1123050433,
23/02/2017,12.6,13.21,12.56,13.12,14522300,1169783161,
24/02/2017,13.13,13.23,12.88,13.07,19574400,1165715765,
25/02/2017,13.06,13.72,12.98,13.55,18533900,1208911983,
26/02/2017,13.52,14.54,13.4,14.52,20307500,1296040794,
27/02/2017,14.51,15.68,14.27,15.4,31667000,1374757041,
28/02/2017,15.45,16.06,15.12,15.82,65478900,1412825288,
01/03/2017,15.85,17.37,15.56,17.35,44927500,1550251865,
02/03/2017,17.36,19.35,16.95,19.03,83627104,1701011948,
03/03/2017,19.04,20.67,18.41,19.46,95863400,1739949803,
04/03/2017,19.52,20.06,18.62,18.62,27341900,1665411583,
05/03/2017,18.5,19.42,18.23,19.3,26816300,1727148626,
06/03/2017,19.28,20.1,19.11,19.61,32432700,1754907794,
07/03/2017,19.58,19.63,18.64,18.89,37972200,1691307055,
08/03/2017,18.88,18.88,16.65,16.65,44304600,1491498830,
09/03/2017,16.64,17.87,16.37,17.75,31418400,1590879625,
10/03/2017,17.74,19.66,17.68,19.33,87506800,1732837145,
11/03/2017,19.37,21.59,19.01,21.47,69150096,1925342939,
12/03/2017,21.46,23.44,21.38,23.44,74628896,2102276260,
13/03/2017,23.5,30.6,23.5,28.59,255488000,2565583285,
14/03/2017,28.57,29.93,27.32,28.65,101797000,2572014998,
15/03/2017,28.65,35.06,28.43,35.06,170344000,3147689118,
16/03/2017,35.36,47.17,35.36,46.35,454417984,4162873752,
17/03/2017,45.93,55.11,38.21,46.83,497534016,4207676009,
18/03/2017,46.87,46.87,31.7,34.16,262180000,3070500515,
19/03/2017,35.53,47,35.34,44.74,239430000,4022867100,
20/03/2017,44.83,46.23,42.44,43.39,154700992,3902862599,
21/03/2017,43.51,44.26,42.37,43.15,91265400,3882154700,
22/03/2017,43.12,43.52,39.69,42.34,113952000,3811229796,
23/03/2017,42.57,44.75,41.3,43.68,100724000,3932863932,
24/03/2017,43.64,54.14,43.21,53.11,297046016,4783511280,
25/03/2017,53.58,53.58,48.31,51.25,223059008,4617794703,
26/03/2017,50.77,51.8,49.28,50.52,106859000,4553738462,
27/03/2017,51.31,52.46,48.93,49.67,118978000,4478238274,
28/03/2017,49.71,50.96,49.15,50.77,97745296,4579693493,
29/03/2017,50.57,53.87,50.55,53.13,144998000,4793424049,
30/03/2017,53.12,53.31,51.87,52.21,86885696,4711996588,
31/03/2017,51.75,51.77,47.38,50.04,151416000,4517835716,
01/04/2017,50.03,51.93,48.88,50.7,92461904,4579187936,
02/04/2017,50.74,51.27,45.43,48.75,134604000,4404475423,
03/04/2017,48.82,48.82,43.41,44.36,190512992,4009009196,
04/04/2017,43.92,45.74,41.72,44.64,157568000,4036201194,
05/04/2017,44.66,47.84,44.54,45.3,119733000,4097477788,
06/04/2017,45.22,45.64,40.9,43.24,147120000,3912317959,
07/04/2017,42.87,44.04,41.65,42.16,81474704,3815963046,
08/04/2017,41.8,45.21,41.73,44.31,74138800,4011422381,
09/04/2017,44.28,44.49,42.89,43.27,55143000,3918563431,
10/04/2017,43.28,44.14,42.42,43.44,44061500,3935103268,
11/04/2017,43.5,44.25,43.3,43.41,38303300,3933886291,
12/04/2017,43.46,47.23,43.11,46.29,88045696,4196302994,
13/04/2017,46.31,50.91,46.31,50.22,157200000,4554299452,
14/04/2017,49.97,50.05,46.76,47.57,91674400,4315878957,
15/04/2017,47.65,49.57,47.18,49.1,66207800,4455916490,
16/04/2017,49.04,49.14,48.19,48.72,31343800,4422644315,
17/04/2017,48.66,48.75,48.05,48.3,44013300,4386552041,
18/04/2017,48.32,51.03,48.3,50.71,78748496,4606307174,
19/04/2017,50.73,50.95,47.26,48.31,76281000,4389519738,
20/04/2017,48.13,49.99,48.13,49.67,79600896,4515241563,
21/04/2017,49.64,49.66,48.14,48.22,45048300,4385105012,
22/04/2017,48.18,48.74,48.17,48.55,37357600,4416442028,
23/04/2017,48.59,48.89,48.17,48.49,36234000,4412126295,
24/04/2017,48.87,50.18,48.87,50.03,55580600,4553943109,
25/04/2017,50.07,50.3,49.81,49.89,38264600,4542708761,
26/04/2017,49.91,53.44,49.91,52.72,104884000,4801851008,
27/04/2017,52.81,62.17,52.29,62.17,246775008,5664157655,
28/04/2017,62.23,70.85,62.13,70.16,346545984,6394355247,
29/04/2017,71.39,71.9,66.78,68.38,165448000,6233911088,
30/04/2017,68.54,79.02,68.35,79.02,229944992,7206669917,
01/05/2017,79.32,82.52,73.09,76.3,376841984,6960466482,
02/05/2017,76.65,79.35,74.38,77.26,193772992,7050941746,
03/05/2017,77.25,80.1,75.76,79.72,141922000,7277279246,
04/05/2017,79.72,97.56,79.43,96.98,366847008,8856050446,
05/05/2017,96.73,103.23,92.22,94.4,331928000,8622992171,
06/05/2017,94.91,97.88,90.95,97.81,151462000,8937843151,
07/05/2017,97.87,98.24,89.87,94.01,183295008,8592854298,
08/05/2017,93.75,95.14,89.51,91.42,231344000,8359085414,
09/05/2017,91.23,93.06,80.39,91.16,363433984,8338258352,
10/05/2017,91.15,92.85,85.29,89.52,145602000,8191083680,
11/05/2017,89.77,102.55,88.48,89.88,132722000,8226220249,
12/05/2017,89.43,93.12,88.66,88.66,145824992,8116816184,
13/05/2017,88.69,93.81,86.66,90.84,88742200,8319066651,
14/05/2017,90.87,91.25,89.61,90.79,66046600,8317148601,
15/05/2017,90.78,95.43,86.83,92.41,170999008,8468960166,
16/05/2017,92.39,93.56,89.12,89.44,152284992,8198722531,
17/05/2017,89.25,91.27,84.43,89.86,183031008,8239948169,
18/05/2017,89.84,97.37,89.84,96.91,196236992,8888797357,
19/05/2017,97.05,133.56,97.05,129.53,626945024,11884632930,
20/05/2017,129.22,133.64,124.7,126.52,331455008,11612447946,
21/05/2017,127.54,159.03,125.89,157.94,570361024,14500421529,
22/05/2017,158.17,201.75,152.47,174.26,1188909952,16004156112,
23/05/2017,170.82,183.55,169.93,181.95,530708992,16715702521,
24/05/2017,182.65,228.37,182.45,190.05,561014016,17464735543,
25/05/2017,189.85,210.98,170.51,174.45,943636992,16036165877,
26/05/2017,175.22,193.69,150.28,160.4,792457984,14749889600,
27/05/2017,159.82,166.95,120.44,157.76,1217059968,14511207045,
28/05/2017,158.82,179.93,157.6,170.51,717971008,15689192548,
29/05/2017,170.13,197.13,164.53,194.91,718828032,17939882189,
30/05/2017,195.61,233.71,189.29,231.91,1586669952,21352550184,
31/05/2017,231.58,236.96,215.57,230.67,1271600000,21244817139,
01/06/2017,230.89,236.22,214.48,222.24,812924032,20474652879,
02/06/2017,222.29,229.41,219.58,223.77,469532000,20622162299,
03/06/2017,223.46,225.97,219.42,224.38,427896000,20683715605,
04/06/2017,224.12,250.41,223.98,245.33,753820032,22622207553,
05/06/2017,245.26,249.47,243.05,248.46,435660000,22917910489,
06/06/2017,248.6,267.51,246.84,264.47,741553024,24401181121,
07/06/2017,264.26,264.67,254.04,258.07,461648992,23818300202,
08/06/2017,257.99,262.25,253.98,261.67,385494016,24157329921,
09/06/2017,261.75,282.76,261.75,281.74,557985984,26018098658,
10/06/2017,282.01,350.26,282.01,337.67,1611629952,31192780483,
11/06/2017,338.79,353.01,318.17,340.61,1373219968,31473965821,
12/06/2017,341.16,414.76,341.16,401.49,2882650112,37110948644,
13/06/2017,395.69,411.18,370.06,397.54,1717379968,36756801123,
14/06/2017,397.59,399.32,342.21,359.05,1272579968,33208658542,
15/06/2017,358.51,364.44,300.7,361.93,2463450112,33485258152,
16/06/2017,361.18,373.05,341.42,370.23,1096280064,34263095462,
17/06/2017,369.88,379.41,364,379.41,904652992,35124053707,
18/06/2017,379.52,390.58,368.84,371.46,904702976,34398150201,
19/06/2017,371.86,377.11,369.76,370.06,685171968,34278915230,
20/06/2017,370.33,377.97,350.94,359.01,1020390016,33260958885,
21/06/2017,359.54,361.34,319.48,336.87,1420130048,31222823000,
22/06/2017,337.73,342.03,330.62,336.37,925766976,31185326164,
23/06/2017,336.48,348.01,334.99,341.74,593206976,31691908924,
24/06/2017,341.63,343.62,322.09,323.7,673585024,30027238696,
25/06/2017,323.47,332.79,284.65,303.25,1186880000,28138409364,
26/06/2017,302.95,311.46,238.65,272.69,2081810048,25309759968,
27/06/2017,272.69,293.09,227.14,293.09,1973869952,27211279055,
28/06/2017,293.04,333.1,276.41,327.93,2056550016,30454577323,
29/06/2017,328.37,330.71,297.37,302.88,1508579968,28136918558,
30/06/2017,303.15,315.17,288.44,294.92,1011800000,27404731861,
01/07/2017,293.35,293.75,268.62,274.6,1089200000,25524313603,
02/07/2017,275.12,295.51,262.52,287.99,1123330048,26776243984,
03/07/2017,288.41,291.1,281.18,282.9,851408000,26310761677,
04/07/2017,282.19,287.39,273.11,273.3,687691008,25425860777,
05/07/2017,273.1,275.13,261.45,268.77,790256000,25011710285,
06/07/2017,268.86,278.48,265.51,270.55,623080000,25179348911,
07/07/2017,270.35,273.94,244.17,245.99,687251968,22900134646,
08/07/2017,245.89,273.48,236.55,251.7,754958016,23443013086,
09/07/2017,251.82,255.1,242.14,242.14,505118016,22559120946,
10/07/2017,243.01,243.07,196.96,215.36,937219008,20069373698,
11/07/2017,211.52,220.29,183.39,197.4,1440950016,18401040701,
12/07/2017,197.15,230.77,189.59,230.77,1241190016,21517152174,
13/07/2017,231.81,231.81,200.07,209.73,828489024,19560300930,
14/07/2017,209.53,211.1,187.37,199.66,749382016,18625794688,
15/07/2017,199.71,200.16,170.65,170.65,810451968,15923953593,
16/07/2017,169.57,172.01,133.72,157.36,1516889984,14687441605,
17/07/2017,159.99,194.75,158.04,193.42,1669500032,18057735704,
18/07/2017,195.03,267.99,182.06,234.39,2709260032,21887962776,
19/07/2017,234.94,245.65,191.74,199.7,2328790016,18653610729,
20/07/2017,205.42,233.9,203.22,227.26,2224999936,21233651866,
21/07/2017,226.06,235.12,213.01,218.3,1006129984,20401709506,
22/07/2017,217.86,232.7,216.87,229.48,618259968,21451273566,
23/07/2017,229.12,231.68,217.72,225.95,649614976,21127295409,
24/07/2017,226.29,227.54,222.45,224.71,431691008,21016755177,
25/07/2017,224.37,225.32,195.85,206.71,1095760000,19338262506,
26/07/2017,207.09,210.77,194.78,203.95,717692032,19085332800,
27/07/2017,204.86,206.44,201.26,204.32,393283008,19124468250,
28/07/2017,204.32,204.9,192.3,193.12,562571008,18081289103,
29/07/2017,193.34,208.68,179.65,205.79,824355008,19272280500,
30/07/2017,206.74,208.54,196.15,197.98,596233984,18545669554,
31/07/2017,197.4,203.87,193.41,203.87,569414016,19102596755,
01/08/2017,204.69,227.74,204.69,226.77,1585330048,21252988047,
02/08/2017,227.01,229.51,218.12,219.95,632606016,20618746852,
03/08/2017,220.18,228.29,219.89,225.34,557217024,21128736918,
04/08/2017,225.31,227.62,222.06,223.07,539782976,20920682038,
05/08/2017,222.85,256.51,221.95,256.51,1332999936,24061766194,
06/08/2017,256.42,271.05,252.85,261.57,1482979968,24541904159,
07/08/2017,261.24,271.96,256.69,269.18,935726976,25262099071,
08/08/2017,269.1,298.91,266.8,296.77,1502409984,27857712299,
09/08/2017,297.63,318.72,276.69,296.03,2638579968,27794475648,
10/08/2017,296.96,306.59,289.93,295.89,1076819968,27788165832,
11/08/2017,294.49,309.21,294.49,308.86,953576000,29013166489,
12/08/2017,308.71,317.56,307.9,310.6,1111650048,29183139234,
13/08/2017,310.37,310.82,289.31,298.06,1369369984,28011760531,
14/08/2017,298.03,306.81,296.41,300.1,864390976,28209451117,
15/08/2017,299.95,300.41,279.33,289.82,1051800000,27249639651,
16/08/2017,289.82,303.41,285.39,302.27,967643008,28426961863,
17/08/2017,302.8,311.03,300.25,301.46,909494016,28357573570,
18/08/2017,301.7,307.96,292.5,295.59,936160000,27812276026,
19/08/2017,296.18,301.67,286.18,297.47,860201984,27995885731,
20/08/2017,296.64,301.43,291.58,301.43,571947008,28375046491,
21/08/2017,300.48,347.05,297.23,321.59,2448969984,30280406340,
22/08/2017,321.05,327.36,297.91,314.79,1336400000,29646659314,
23/08/2017,315.27,324.21,314.54,317.52,811990016,29911326162,
24/08/2017,317.45,327.96,317.08,325.61,697665024,30680964300,
25/08/2017,326.11,336.4,325.8,331.92,760329024,31281210162,
26/08/2017,331.99,334.98,327.92,333.88,514180992,31472781162,
27/08/2017,334.36,347.89,334.36,347.89,633369984,32799991739,
28/08/2017,350.04,352.05,338.41,347.75,854318976,32792635350,
29/08/2017,347.96,373.76,347.79,370.67,1220029952,34961063278,
30/08/2017,369.47,388.75,361.97,378.48,1333319936,35705639885,
31/08/2017,378.44,386.14,376.35,383.04,706254016,36142706814,
01/09/2017,383.47,390.04,383.47,387.74,874222016,36593410761,
02/09/2017,387.82,389.35,328.1,348.98,1483600000,32942250738,
03/09/2017,350.23,366.49,332.23,347.48,986265984,32807142041,
04/09/2017,347.13,347.13,279.94,295.17,1801689984,27873682151,
05/09/2017,297.57,318.57,268.29,312.99,1551049984,29562162666,
06/09/2017,313.8,334.66,313.49,334.34,1058830016,31584914370,
07/09/2017,333.52,333.52,319.94,329.43,718624000,31127463390,
08/09/2017,329.64,329.64,285.16,296.5,1098780032,28021550341,
09/09/2017,296.17,299.89,287.22,294.4,528620992,27829435118,
10/09/2017,294.06,294.76,268.97,288.75,698326016,27300089799,
11/09/2017,289.74,300.69,286.68,294.53,571307008,27852586150,
12/09/2017,294.63,311.2,287.23,291.46,753144000,27568017613,
13/09/2017,291.12,291.12,260.61,277.11,921692032,26215830135,
14/09/2017,276.59,280.84,213.91,213.91,1184589952,20240633669,
15/09/2017,215.22,258.65,195.04,250.46,1935699968,23704566170,
16/09/2017,250.87,262.59,238.22,246.52,711737024,23336257868,
17/09/2017,245.85,257,235.24,251.75,427452000,23835888183,
18/09/2017,252.23,293.5,252.23,293.5,1127750016,27794233413,
19/09/2017,293.66,295.77,274.48,282.8,646908992,26787085258,
20/09/2017,282.02,290.89,278.05,283.74,421404000,26881372918,
21/09/2017,283.26,286.61,255.02,258.58,601265984,24502550354,
22/09/2017,258.11,270.54,256.22,264.31,430080992,25049676632,
23/09/2017,264.6,286.17,261.12,286.17,450934016,27125537826,
24/09/2017,286.21,292.95,278.13,282.48,571411008,26780610986,
25/09/2017,282.22,293.52,281.88,292.33,483160992,27718684465,
26/09/2017,292.35,293.75,287.02,287.44,345800992,27259015800,
27/09/2017,287.02,308.02,286.82,306.47,550243968,29068342956,
28/09/2017,306.47,307.2,295.47,299.15,501894016,28379292201,
29/09/2017,299.12,299.92,279.77,291.47,541374976,27654290280,
30/09/2017,291.48,303.96,291.11,301.46,332439008,28607406298,
01/10/2017,301.55,303.19,295.06,302.34,306184992,28694730559,
02/10/2017,302.48,302.92,294.58,297.48,339443008,28237763674,
03/10/2017,297.48,300.11,288.13,292.46,321680000,27766443809,
04/10/2017,292.75,299.39,290.89,292.66,257906000,27789444567,
05/10/2017,292.77,298.04,288.84,295.86,253747008,28098336333,
06/10/2017,295.15,308.84,294.95,308.59,318664000,29311483315,
07/10/2017,308.89,313.13,304.98,311.12,342204992,29557048403,
08/10/2017,311.06,312.54,308.03,308.61,293167008,29322710612,
09/10/2017,308.67,309.31,288.18,297.39,559467008,28261533648,
10/10/2017,297.6,306.15,293.17,299.87,359705984,28501667385,
11/10/2017,301.18,304.39,299.1,303.46,264146000,28847211568,
12/10/2017,303.5,309.15,303.29,304.14,527556992,28916525240,
13/10/2017,304.08,348.6,299.66,338.76,1304359936,32213441854,
14/10/2017,338.85,347.98,334.7,339.63,516561984,32301459659,
15/10/2017,339.53,342.72,320.43,336.6,635406976,32018244067,
16/10/2017,336.71,349.35,332.04,333.38,692884992,31718200756,
17/10/2017,333.48,333.48,311.79,317.08,509924000,30173609812,
18/10/2017,316.94,317.24,290.64,314.32,606113984,29917084625,
19/10/2017,314.54,316.71,305.83,308.09,349830016,29330304837,
20/10/2017,308.05,311.44,303.49,304.01,396672992,28947916800,
21/10/2017,303.57,303.93,291.77,300.19,408014016,28590314194,
22/10/2017,300.55,305.5,292.81,295.45,327387008,28144794782,
23/10/2017,295.1,295.75,277.58,286.95,482336000,27341319876,
24/10/2017,287.12,311.96,282.66,298.33,684281024,28431576038,
25/10/2017,298.44,301.85,290.72,297.92,325040000,28399185652,
26/10/2017,298.02,301.07,295.22,296.53,270272992,28271925666,
27/10/2017,296.51,299.26,294.06,297.42,257168992,28363439564,
28/10/2017,297.92,300.36,293.58,296.3,264424000,28262202960,
29/10/2017,296.38,313.76,296.38,305.09,551752000,29106827254,
30/10/2017,304.78,310.5,304.35,307.75,331441984,29367079933,
31/10/2017,307.38,310.55,305.88,305.88,369583008,29194751985,
01/11/2017,305.76,306.4,290.58,291.69,553864000,27846764494,
02/11/2017,290.73,293.91,281.17,287.43,904900992,27445442368,
03/11/2017,288.5,308.31,287.69,305.71,646339968,29197317355,
04/11/2017,305.48,305.48,295.8,300.47,416479008,28702737365,
05/11/2017,300.04,301.37,295.12,296.26,337657984,28307052341,
06/11/2017,296.43,305.42,293.72,298.89,579358976,28564296472,
07/11/2017,298.57,304.84,290.77,294.66,540766016,28165778801,
08/11/2017,294.27,318.7,293.1,309.07,967955968,29549552409,
09/11/2017,308.64,329.45,307.06,320.88,893249984,30685584327,
10/11/2017,320.67,324.72,294.54,299.25,885985984,28623188738,
11/11/2017,298.59,319.45,298.19,314.68,842300992,30105285828,
12/11/2017,314.69,319.15,298.51,307.91,1613479936,29463540579,
13/11/2017,307.02,328.42,307.02,316.72,1041889984,30312834756,
14/11/2017,316.76,340.18,316.76,337.63,1069680000,32321383639,
15/11/2017,337.96,340.91,329.81,333.36,722665984,31919060540,
16/11/2017,333.44,336.16,323.61,330.92,797254016,31692795453,
17/11/2017,330.17,334.96,327.52,332.39,621732992,31840349187,
18/11/2017,331.98,349.62,327.69,347.61,649638976,33305160559,
19/11/2017,347.4,371.29,344.74,354.39,1181529984,33961430090,
20/11/2017,354.09,372.14,353.29,366.73,807027008,35151847933,
21/11/2017,367.44,372.47,350.69,360.4,949912000,34552559750,
22/11/2017,360.31,381.42,360.15,380.65,800819008,36501878925,
23/11/2017,381.44,425.55,376.09,410.17,1845680000,39340408036,
24/11/2017,412.5,480.97,402.76,474.91,2292829952,45560021462,
25/11/2017,475.68,485.19,461.05,466.28,1422080000,44741093552,
26/11/2017,465.97,472.72,451.61,471.33,1197779968,45235644662,
27/11/2017,471.53,493.4,468.48,480.36,1396480000,46111561438,
28/11/2017,480.52,482.48,466.35,472.9,1346499968,45405717909,
29/11/2017,473.28,522.31,425.07,427.52,2675940096,41057383009,
30/11/2017,431.21,465.5,401.24,447.11,1903040000,42947937239,
01/12/2017,445.21,472.61,428.31,466.54,1247879936,44823457369,
02/12/2017,466.85,476.24,456.65,463.45,943649984,44535863933,
03/12/2017,463.7,482.81,451.85,465.85,990556992,44776362724,
04/12/2017,466.05,474.78,453.31,470.2,1005550016,45204145125,
05/12/2017,470.29,473.56,457.66,463.28,1216720000,44548159326,
06/12/2017,462.6,462.71,420.21,428.59,1998259968,41220997942,
07/12/2017,426.37,441.4,414.41,434.41,2129570048,41789848007,
08/12/2017,434.99,466.06,422.37,456.03,2336379904,43879256076,
09/12/2017,457.34,504.15,456.25,473.5,2003849984,45570080683,
10/12/2017,472.79,472.79,429.51,441.72,1404179968,42520479602,
11/12/2017,440.36,516.97,439.1,515.14,1771440000,49597927198,
12/12/2017,522.29,657.32,504.49,651.43,5179829760,62733982232,
13/12/2017,644.91,747.99,597.8,702.77,4524539904,67692231422,
14/12/2017,700.59,753.12,664.99,695.82,3821580032,67036917107,
15/12/2017,696.38,697.13,621.06,684.45,2758710016,65956174321,
16/12/2017,686.19,718.39,680.79,696.21,2165690112,67103695920,
17/12/2017,696.24,735.83,696.24,719.97,2147389952,69409025338,
18/12/2017,721.73,803.93,689.23,794.65,3249230080,76623897492,
19/12/2017,793.9,881.94,785.34,826.82,4096549888,79743740362,
20/12/2017,827.52,845.06,756,819.09,3969939968,79014430828,
21/12/2017,820.24,880.54,792.69,821.06,3569060096,79221896341,
22/12/2017,822.64,827.68,543.76,674.86,4977710080,65129109277,
23/12/2017,681.32,763.9,679.73,719.39,2480339968,69441297649,
24/12/2017,721.77,721.77,614.92,694.15,2300549888,67019237420,
25/12/2017,698.87,782.52,698.87,765.83,2491760128,73955757349,
26/12/2017,763.37,786.79,760.93,773.84,2201159936,74744613931,
27/12/2017,774.97,789.25,738.41,762.84,2100029952,73698377070,
28/12/2017,762.21,763.32,701.19,737.02,2389149952,71219054808,
29/12/2017,740.39,770.12,729.61,753.59,2648969984,72835328712,
30/12/2017,753.82,753.82,685.23,717.26,3187780096,69338470696,
31/12/2017,712.21,760.35,710.12,756.73,2554269952,73170170967,
01/01/2018,755.76,782.53,742,772.64,2595760128,74724233458,
02/01/2018,772.35,914.83,772.35,884.44,5783349760,85552984077,
03/01/2018,886,974.47,868.45,962.72,5093159936,93146829617,
04/01/2018,961.71,1045.08,946.09,980.92,6502859776,94924308783,
05/01/2018,975.75,1075.39,956.33,997.72,6683149824,96574936368,
06/01/2018,995.15,1060.71,994.62,1041.68,4662219776,1.01E+11,
07/01/2018,1043.01,1153.17,1043.01,1153.17,5569880064,1.12E+11,
08/01/2018,1158.26,1266.93,1016.05,1148.53,8450970112,1.11E+11,
09/01/2018,1146,1320.98,1145.49,1299.74,7965459968,1.26E+11,
10/01/2018,1300.34,1417.38,1226.6,1255.82,9214950400,1.22E+11,
11/01/2018,1268.09,1337.3,1135.17,1154.93,7235899904,1.12E+11,
12/01/2018,1158.29,1296.04,1120.09,1273.2,5222300160,1.23E+11,
13/01/2018,1270.47,1432.88,1270.47,1396.42,5746760192,1.35E+11,
14/01/2018,1397.48,1400.56,1286.21,1366.77,4841630208,1.33E+11,
15/01/2018,1365.21,1390.59,1290.6,1291.92,4781100032,1.25E+11,
16/01/2018,1292.63,1292.63,875.54,1053.69,8405139968,1.02E+11,
17/01/2018,1061.34,1090.23,780.92,1014.25,8545160192,98429091487,
18/01/2018,1016.44,1100.31,967.76,1036.28,5938319872,1.01E+11,
19/01/2018,1028.82,1093.22,1003.71,1039.1,4084450048,1.01E+11,
20/01/2018,1044.95,1167.11,1044.95,1155.15,3975190016,1.12E+11,
21/01/2018,1155.68,1155.68,1021.5,1049.58,3378089984,1.02E+11,
22/01/2018,1055.35,1089.1,930.74,1003.26,3810099968,97465684890,
23/01/2018,1004.17,1023.23,920.54,986.23,3556699904,95831359552,
24/01/2018,987.48,1062.44,965.81,1058.78,3944039936,1.03E+11,
25/01/2018,1063.22,1104.66,1034.74,1056.03,4050190080,1.03E+11,
26/01/2018,1052.7,1080.6,996.78,1055.17,3617690112,1.03E+11,
27/01/2018,1055.75,1121.98,1042.12,1107.07,3002870016,1.08E+11,
28/01/2018,1111.78,1257.77,1111.78,1246.01,5372329984,1.21E+11,
29/01/2018,1246.7,1256.7,1169.08,1182.36,3715079936,1.15E+11,
30/01/2018,1184.13,1184.63,1058.97,1071.13,4107859968,1.04E+11,
31/01/2018,1071.09,1128.66,1034.5,1118.31,3757560064,1.09E+11,
01/02/2018,1119.37,1161.35,984.82,1036.79,5261680128,1.01E+11,
02/02/2018,1035.77,1035.77,757.98,915.78,6713290240,89173962074,
03/02/2018,919.21,991.94,847.69,964.02,3243480064,93890299032,
04/02/2018,964.67,969.03,805.06,834.68,2997090048,81310521832,
05/02/2018,834.96,856.65,644.6,697.95,4269530112,68005284183,
06/02/2018,707.74,796.44,574.42,793.12,6518269952,77294507868,
07/02/2018,790.43,851.2,723.43,757.07,3896179968,73796288509,
08/02/2018,755.84,845.09,755.84,817.81,3708189952,79733609806,
09/02/2018,818.48,884,788.83,883.86,2495820032,86191922699,
10/02/2018,882.47,917.4,825.58,860.41,2930530048,83922989198,
11/02/2018,859.29,859.29,788.22,814.66,2486650112,79476512347,
12/02/2018,817.51,875.94,817.51,868.71,2243450112,84767037716,
13/02/2018,869.29,870.71,828.84,845.26,2081170048,82496189206,
14/02/2018,844.28,926.43,844.28,923.56,2818370048,90157005929,
15/02/2018,923.73,951.95,911.11,936.98,2900100096,91485862822,
16/02/2018,934.79,950.01,917.85,944.21,2369449984,92211437654,
17/02/2018,944.75,976.59,940.75,974.11,2525720064,95151956513,
18/02/2018,973.35,982.93,915.45,923.92,2567290112,90267805476,
19/02/2018,921.67,957.78,921.55,943.86,2169019904,92235641556,
20/02/2018,943.57,965.27,892.95,895.37,2545260032,87514997546,
21/02/2018,894.14,912.38,830.56,849.97,2531729920,83095081059,
22/02/2018,849.26,875.93,802.67,812.84,2150370048,79482140044,
23/02/2018,811.59,886.32,794.79,864.19,2334820096,84520567485,
24/02/2018,861.59,879.53,818.55,840.52,1926579968,82222377928,
25/02/2018,839.46,853.15,822.38,844.81,1646960000,82659602549,
26/02/2018,845.28,880.39,842.32,869.32,2044480000,85074973200,
27/02/2018,870.36,896.26,867.1,878.27,2053980032,85968788108,
28/02/2018,877.93,890.11,855.12,855.2,1963980032,83728564149,
01/03/2018,856.01,880.3,851.92,872.2,1868519936,85410827047,
02/03/2018,871.76,876.38,852.42,856.85,1894419968,83925690001,
03/03/2018,856.71,868.45,855.21,857.22,1699369984,83979651073,
04/03/2018,856.19,867.95,840.28,866.68,1697939968,84923240778,
05/03/2018,866.85,869.92,853.52,853.68,1898489984,83667342992,
06/03/2018,853.82,853.82,809.93,816.95,1943069952,80083929891,
07/03/2018,816.27,825.61,726.55,752.83,2175419904,73813918307,
08/03/2018,752.57,773.77,696.17,704.6,1891640064,69098851661,
09/03/2018,702.2,729.16,648.11,728.92,2233019904,71498733754,
10/03/2018,730.16,748.03,682.7,686.89,1532960000,67390487259,
11/03/2018,685.31,735.83,668.12,723.34,1562680064,70981343639,
12/03/2018,724.41,742.51,683.27,699.83,1764999936,68688764839,
13/03/2018,698.15,713.73,682.35,690.83,1425959936,67819092121,
14/03/2018,691.22,702.78,594.1,614.29,1810560000,60318025226,
15/03/2018,614.84,620.62,579.51,611.3,1770460032,60037233577,
16/03/2018,611.78,623.17,587.86,601.67,1417350016,59103031871,
17/03/2018,601.68,609.15,549.1,552.78,1267810048,54312035489,
18/03/2018,551.64,551.64,460.09,538.64,2685499904,52934184182,
19/03/2018,546.63,558.1,519.12,556.73,2046790016,54722473140,
20/03/2018,556.72,567.09,521.2,557.17,1833680000,54777982164,
21/03/2018,559.1,589.61,550.57,561.73,1781270016,55237391316,
22/03/2018,562.1,577.57,523.09,539.7,1523459968,53082150649,
23/03/2018,539.86,540.49,512.13,539.62,1596349952,53084905906,
24/03/2018,542.57,545.38,526.08,526.44,1300009984,51799123912,
25/03/2018,522.7,535.82,515.66,524.29,1151170048,51598047955,
26/03/2018,524.29,526.38,470.44,489.95,1638880000,48228842327,
27/03/2018,489.59,491.46,449.97,450.12,1617939968,44316774118,
28/03/2018,450.29,466.21,444.86,446.28,1514179968,43948072321,
29/03/2018,448.08,450.81,385.81,385.97,1970230016,38016727209,
30/03/2018,385.9,409.93,368.63,394.64,1878130048,38879465944,
31/03/2018,395,418.47,392.95,396.46,1323920000,39066085342,
01/04/2018,397.25,400.53,363.8,379.61,1256930048,37413407420,
02/04/2018,379.7,395.17,377.59,386.42,1102259968,38093277842,
03/04/2018,387.31,418.97,383.53,416.89,1363399936,41105280498,
04/04/2018,416.48,417.47,375.31,380.54,1287730048,37528933631,
05/04/2018,379.95,387.72,369.82,383.23,1210680064,37802008408,
06/04/2018,382.73,385.2,366.91,370.29,967105984,36532478896,
07/04/2018,370.38,393.06,369.94,385.31,951475008,38023057371,
08/04/2018,385.74,402.59,385.6,400.51,948488000,39530560784,
09/04/2018,400.86,429.25,390.61,398.53,1478390016,39343018191,
10/04/2018,399.41,415.89,393.88,414.24,1196000000,40903130396,
11/04/2018,415.02,430.54,412.47,430.54,1439040000,42521044920,
12/04/2018,430.16,493.06,417.41,492.94,2519360000,48693844481,
13/04/2018,493.16,526.47,482.66,492.73,2419249920,48683660481,
14/04/2018,492.58,512.02,488.28,501.48,1519079936,49557725333,
15/04/2018,502.88,531.7,502.88,531.7,1726089984,52555419462,
16/04/2018,532.07,534.2,500.25,511.15,1758979968,50534185799,
17/04/2018,511.14,518.03,502.56,502.89,1760359936,49728519115,
18/04/2018,503.31,525.09,503.05,524.79,1762940032,51904227886,
19/04/2018,524.04,567.89,523.26,567.89,2256869888,56178772001,
20/04/2018,567.99,618.72,560.28,615.72,2849469952,60922818296,
21/04/2018,616,621.89,578.55,605.4,2612460032,59913832194,
22/04/2018,606.12,640.77,593.87,621.86,2426269952,61556034015,
23/04/2018,621.2,646.7,621.03,642.55,2386830080,63617020167,
24/04/2018,643.4,708.88,643.4,708.16,3581860096,70127342534,
25/04/2018,707.06,707.06,600.21,615.42,4216140032,60955966711,
26/04/2018,618.08,663.18,604.01,662.81,2984009984,65663946135,
27/04/2018,662.11,684.87,647.03,647.03,2598129920,64114105428,
28/04/2018,644.65,691.44,644.65,683.68,2496659968,67759208004,
29/04/2018,683.91,697.76,670.51,688.88,2740559872,68289153706,
30/04/2018,689.76,694.44,666.12,669.92,2853100032,66423712256,
01/05/2018,670.46,674.4,637.54,673.61,2678960128,66803233984,
02/05/2018,674.08,688.84,667.42,687.15,2822269952,68159979253,
03/05/2018,686.59,784.34,686.59,779.54,4210939904,77340839220,
04/05/2018,776.78,803.75,762.63,785.62,3533410048,77960306236,
05/05/2018,784.58,827.46,784.24,816.12,3035040000,81003446783,
06/05/2018,816.09,835.06,764.88,792.31,3105570048,78656662788,
07/05/2018,793.34,795.76,710.18,753.72,4316120064,74841655792,
08/05/2018,755.01,774.25,728.13,752.86,2920489984,74770813968,
09/05/2018,752.9,759.53,718.47,752.28,2877870080,74728439730,
10/05/2018,752.58,766.75,726.66,727.28,2748950016,72260117775,
11/05/2018,727.01,736.98,669.83,679.59,3290080000,67535702572,
12/05/2018,679.88,691.41,644.07,686.05,2668480000,68192028458,
13/05/2018,687.17,741.31,675.32,733.5,2362500096,72923278119,
14/05/2018,732.73,742.17,695.79,730.55,3005110016,72645181706,
15/05/2018,731.14,739.05,700.99,708.87,2523069952,70504110201,
16/05/2018,708.09,710.2,682.54,707.05,2476130048,70337446111,
17/05/2018,708.72,718.83,668.83,672.66,2350619904,66929938612,
18/05/2018,672.1,695.03,663.81,694.37,2305740032,69104455849,
19/05/2018,695.07,715.58,686.79,696.53,2021549952,69334147807,
20/05/2018,697.92,723.75,692.67,715.37,2156910080,71224213260,
21/05/2018,717.19,719.28,692.49,699.22,2005170048,69631032596,
22/05/2018,700.18,700.98,644.03,647.74,2230469888,64517663406,
23/05/2018,646.67,651.64,572.95,583.59,2995429888,58139666822,
24/05/2018,584.54,610.82,557.21,601.76,2791099904,59962094302,
25/05/2018,602.14,617.19,575.62,586.73,2110919936,58477440268,
26/05/2018,587.43,606.17,583.51,587.28,1694300032,58544016481,
27/05/2018,588.52,590.33,562.87,572.67,1788790016,57099072056,
28/05/2018,573.04,576.05,512.55,516.04,2356900096,51463146627,
29/05/2018,516.15,572.26,516.15,565.39,2330820096,56396587656,
30/05/2018,566.83,583.14,545.43,559.59,2053970048,55829809817,
31/05/2018,558.5,585.54,557.07,577.65,1985040000,57643138807,
01/06/2018,578.67,589.09,567.66,580.04,1945890048,57894350583,
02/06/2018,580.43,597.08,577.32,591.81,1880390016,59080880117,
03/06/2018,591.26,624.51,591.26,618.33,1832550016,61740821846,
04/06/2018,619.44,623.43,583.75,592.98,1903430016,59222873880,
05/06/2018,593.41,611.33,580.98,609.3,1844269952,60864980395,
06/06/2018,610.26,611.64,596.4,607.12,1756530048,60659842641,
07/06/2018,607.69,616.14,601.69,605.19,1880140032,60478879395,
08/06/2018,605.44,608.81,595.59,601.08,1637779968,60080608858,
09/06/2018,600.91,608.58,597.56,597.56,1519309952,59741701633,
10/06/2018,594.34,594.34,511.89,526.48,2234880000,52645885461,
11/06/2018,524.86,536.86,515.27,533.28,1982119936,53337466294,
12/06/2018,532.71,538.96,491.23,496.84,1932760064,49702985162,
13/06/2018,498.02,501.9,459,477.49,2080130048,47777150787,
14/06/2018,478.38,523.54,467.47,519.74,2458650112,52015066663,
15/06/2018,520.48,521.3,487.47,491,1808269952,49149084090,
16/06/2018,490.41,503.22,488.85,499.64,1314109952,50024018701,
17/06/2018,499.46,507.64,498.65,500.45,1264870016,50114921288,
18/06/2018,499.38,521.8,494.07,518.89,1513869952,51972519171,
19/06/2018,519.02,542.35,516.31,537.96,1726569984,53893191559,
20/06/2018,538.51,541.02,519.37,536.27,1596290048,53735032875,
21/06/2018,536.45,543.72,524.26,527.37,1462070016,52853921455,
22/06/2018,527.19,527.19,456.88,465.82,2226030080,46694859628,
23/06/2018,466.27,479.13,462.39,474.52,1651379968,47577076102,
24/06/2018,474.77,475.36,426.47,457.67,2490579968,45897156207,
25/06/2018,455.94,470.34,448.9,460.31,4007950080,46171165114,
26/06/2018,460.73,461.21,432.77,432.77,1356560000,43417898248,
27/06/2018,432.24,444.24,424.84,442.36,1368940032,44389430889,
28/06/2018,442.29,443.62,419.68,422.36,1360790016,42391125054,
29/06/2018,422.59,441.79,407.95,436.01,1564499968,43769409548,
30/06/2018,436.21,458.8,436.21,455.18,1475939968,45703302056,
01/07/2018,455.24,457.14,446.39,453.92,1511730048,45585861718,
02/07/2018,453.82,479.13,447.11,475.35,1625789952,47747743959,
03/07/2018,475.39,483.85,462.58,464.2,1683939968,46637067239,
04/07/2018,464.15,481.44,455.18,467.32,1549769984,46960391871,
05/07/2018,467.29,483.23,464.63,474.41,1828610048,47682968020,
06/07/2018,474.36,479.65,457.61,474.01,1627609984,47652424064,
07/07/2018,474.06,491.66,466.84,491.66,1358360064,49436674025,
08/07/2018,492.07,503.2,488.42,489.12,1344560000,49191161178,
09/07/2018,488.88,490.85,475.17,476.68,1533799936,47950212027,
10/07/2018,476.16,478.32,433.96,434.42,1789069952,43708241775,
11/07/2018,434.52,447.32,429.51,446.52,1422470016,44934271235,
12/07/2018,446.5,446.5,422.81,430.07,1495440000,43288294177,
13/07/2018,430.74,442.36,430.74,434.03,1489670016,43694988769,
14/07/2018,434.51,439.43,431.47,436.09,1235820032,43911193561,
15/07/2018,435.88,454,433.92,449.85,1350160000,45306414380,
16/07/2018,450.42,480.66,446.8,480.66,1858680064,48419026521,
17/07/2018,480.08,508.78,468.92,501,2288100096,50478766285,
18/07/2018,500.84,513.43,474.36,480.51,2371559936,48424155624,
19/07/2018,480.63,483.24,465.14,469.62,2068739968,47335899963,
20/07/2018,469.31,469.31,443.69,450.7,1821350016,45437819522,
21/07/2018,450.68,468.08,445.78,462.44,1504310016,46630720739,
22/07/2018,462.44,470.9,458.12,459.66,1338589952,46360029757,
23/07/2018,459.44,469.77,449.73,450.85,1596999936,45481301491,
24/07/2018,451.14,481.14,450.57,479.37,2287520000,48368209917,
25/07/2018,479.91,482.87,466.47,472.49,1930780032,47683830874,
26/07/2018,472.33,483.7,461.42,464.04,1621560064,46839932193,
27/07/2018,464.01,473.22,458.29,469.67,1734259968,47417755376,
28/07/2018,469.68,471.59,462.99,466.9,1531890048,47147853886,
29/07/2018,466.92,470.36,462.71,466.67,1631910016,47133881666,
30/07/2018,466.83,467.95,448.64,457.08,2141590000,46175217427,
31/07/2018,457.25,457.25,430.44,433.87,1820680000,43839034237,
01/08/2018,433.87,435.46,410.46,420.75,1888060000,42521937218,
02/08/2018,420.81,425.03,410.31,412.62,1569300000,41709183608,
03/08/2018,412.57,420.55,399.91,418.26,1722340000,42287977978,
04/08/2018,418.24,420.19,403.78,407.25,1466540000,41183215694,
05/08/2018,407.35,413.72,402.43,410.52,1396820000,41521715110,
06/08/2018,410.57,414.54,403.32,406.66,1384880000,41139790462,
07/08/2018,406.8,411.41,376.08,380.22,1828350000,38472420233,
08/08/2018,379.89,380.67,353.73,356.61,2016080000,36091566801,
09/08/2018,356.97,370.95,353.61,365.59,1616610000,37007391031,
10/08/2018,365.78,367.05,329.59,334.18,1699400000,33834485092,
11/08/2018,334.26,334.26,308.49,322.11,1790370000,32619681420,
12/08/2018,320.82,328.59,318.6,319.57,1625420000,32368768332,
13/08/2018,320.21,323.55,284.93,286.5,1751190000,29024490503,
14/08/2018,286.37,286.37,254.65,278.93,2137850000,28263969132,
15/08/2018,280.39,303.59,280.12,282.36,1878150000,28617473116,
16/08/2018,282.74,298.48,280.93,288.05,1552970000,29199228646,
17/08/2018,287.68,316.17,287.35,315.73,1995460000,32011921283,
18/08/2018,316.79,320.45,286.55,295.81,1764020000,29998584852,
19/08/2018,295.67,307.1,291.33,300.83,1447910000,30514025774,
20/08/2018,301.38,304.37,273.51,274.32,1413790000,27829775231,
21/08/2018,273.33,285.97,273.33,281.94,1164120000,28609531323,
22/08/2018,281.97,297.49,265,271.34,1507660000,27539119679,
23/08/2018,271.75,279.55,271.09,277.1,1271160000,28129662664,
24/08/2018,278.11,283.3,273.86,282.97,1450170000,28730705349,
25/08/2018,283.28,283.52,278.47,279.65,1208360000,28399212923,
26/08/2018,279.53,279.53,272.44,275.2,1206650000,27953028997,
27/08/2018,275.35,285.6,273.65,285.6,1406790000,29015874948,
28/08/2018,286.65,297.4,283.57,296.5,1513350000,30128902937,
29/08/2018,296.16,297.07,287.29,289.31,1474460000,29404459725,
30/08/2018,289.75,291.24,275.21,284.11,1513100000,28881058148,
31/08/2018,284.12,284.55,278.51,283,1411910000,28774922508,
01/09/2018,283.5,301.14,283.5,295.34,1546630000,30035327410,
02/09/2018,295.45,298.69,290.93,294.37,1321050000,29942718225,
03/09/2018,295.18,295.59,287.43,289.26,1394490000,29428616901,
04/09/2018,289.3,291.58,284.26,285.72,1554870000,29074743101,
05/09/2018,286.05,288.16,232.33,232.33,2390390000,23646371777,
06/09/2018,231.65,231.76,218.12,230.22,2097310000,23435751842,
07/09/2018,229.54,233.9,217.08,217.2,1678260000,22115522904,
08/09/2018,217.91,220.37,193.26,197.95,1517200000,20159309964,
09/09/2018,198.39,207.67,188.31,196.92,1585980000,20058708800,
10/09/2018,197.85,201.88,189.58,197.08,1502960000,20078523984,
11/09/2018,198.18,198.51,180.6,185.07,1568900000,18858381966,
12/09/2018,185.42,185.59,170.26,183.33,1874850000,18685319378,
13/09/2018,183.68,214,183.68,211.35,2330720000,21545775837,
14/09/2018,212.67,222.79,204.87,211.75,2232190000,21590366996,
15/09/2018,209.81,226.6,209.61,223.07,1670490000,22749647321,
16/09/2018,222.8,222.8,211.12,220.59,1502260000,22500748646,
17/09/2018,221.58,224.26,195.31,197.88,2019910000,20187902505,
18/09/2018,197.1,213.36,195.93,209.98,1800640000,21426628309,
19/09/2018,209.47,213.87,201.66,209.97,1733330000,21430323331,
20/09/2018,210.29,224.82,207.79,224.59,1782070000,22927300808,
21/09/2018,225.25,248.39,221.57,246.58,2836200000,25177561991,
22/09/2018,247.34,251.2,233.81,240.48,1921820000,24559189741,
23/09/2018,240.99,247.46,237.86,244.33,1693470000,24957339670,
24/09/2018,244.84,245.11,227.49,228.73,1748740000,23368514475,
25/09/2018,228.33,228.33,206.49,218.51,2120360000,22328327983,
26/09/2018,218.65,221.44,209.11,215.85,1756100000,22061164303,
27/09/2018,215.44,230.61,212.65,228.49,2030320000,23358464739,
28/09/2018,229.04,231.75,218.67,222.4,2018120000,22740233568,
29/09/2018,221.71,234.01,216.08,231.64,2208720000,23688983896,
30/09/2018,231.33,236.99,228.45,232.85,1765560000,23817805502,
01/10/2018,233.22,234.15,226.95,230.77,1597500000,23609728018,
02/10/2018,231.1,231.17,225.84,227.18,1542080000,23247403474,
03/10/2018,226.41,226.46,213.97,220.49,1683930000,22567089086,
04/10/2018,220.45,226.15,220.09,222.22,1479500000,22748580859,
05/10/2018,222.27,228.32,220.96,227.6,1547330000,23304234601,
06/10/2018,227.55,227.93,224.25,225.12,1505070000,23054817089,
07/10/2018,225.44,226.37,223,226.12,1470480000,23161767973,
08/10/2018,226.51,230.77,224.56,229.26,1470740000,23487673000,
09/10/2018,229.71,230.16,226.4,227.98,1405130000,23361891401,
10/10/2018,227.62,227.71,224.5,225.77,1384040000,23139713070,
11/10/2018,225.61,225.61,189.28,189.5,2167620000,19426181717,
12/10/2018,188.71,199.4,188.71,196.73,1487900000,20171157774,
13/10/2018,196.36,201.28,196.36,199.84,1167610000,20494529773,
14/10/2018,199.69,201.83,195.24,195.72,1169260000,20075397007,
15/10/2018,195.27,222.12,194.16,209.7,2865830000,21514574462,
16/10/2018,209.63,212.17,207.98,210.12,1532280000,21561538445,
17/10/2018,210.22,211.13,205.93,207.08,1444130000,21254117736,
18/10/2018,207.4,208.47,201.74,203.35,1365860000,20875341345,
19/10/2018,203.26,204.66,201.84,203.73,1264480000,20917973393,
20/10/2018,203.52,206.22,203.09,205.43,1238780000,21097037289,
21/10/2018,205.39,208.16,204.62,205.14,1190300000,21071630786,
22/10/2018,205.17,206.93,203.38,204.04,1328980000,20962977292,
23/10/2018,204.02,205.15,201.91,204.34,1237490000,20997181867,
24/10/2018,204.13,205.58,203.35,203.85,1102220000,20951603018,
25/10/2018,203.87,204.13,201.82,202.72,1102900000,20839259066,
26/10/2018,202.34,204.78,201.55,203.33,1161310000,20906130835,
27/10/2018,203.36,206.08,203.13,204.21,1084810000,21000852987,
28/10/2018,204.51,205.92,203.52,205.37,1139140000,21123907349,
29/10/2018,205.17,205.6,195.73,197.25,1517230000,20292811278,
30/10/2018,197.2,198.12,196.35,197.56,1363500000,20328580026,
31/10/2018,197.65,198.34,196.53,197.38,1442380000,20314628127,
01/11/2018,197.54,203.75,197.33,198.87,1336700000,20472105764,
02/11/2018,198.98,201.27,198.76,200.64,1451870000,20657629735,
03/11/2018,200.74,200.74,199.53,200.19,1307150000,20615439151,
04/11/2018,200.16,211.27,198.99,207.49,1749300000,21371416840,
05/11/2018,207.1,210.82,206.57,209.09,1613510000,21540996877,
06/11/2018,209.47,218.45,207.89,218.45,1856940000,22445690692,
07/11/2018,218.9,221.65,216.8,217.18,1927830000,22383497662,
08/11/2018,217.33,218.34,212.2,212.23,1769080000,21877424057,
09/11/2018,211.99,213.32,209.52,210.07,1554750000,21659329261,
10/11/2018,209.98,213.86,209.81,212.53,1377760000,21917195708,
11/11/2018,212.48,213,208.87,211.34,1501600000,21798464881,
12/11/2018,211.51,212.62,208.92,210.42,1452380000,21707637540,
13/11/2018,210.15,210.52,206.14,206.83,1610260000,21341261802,
14/11/2018,206.53,207.05,174.08,181.4,2595330000,18721032761,
15/11/2018,181.9,184.25,170.19,180.81,2638410000,18663659629,
16/11/2018,180.87,181.35,173.13,175.18,2015330000,18086156169,
17/11/2018,175.36,175.85,172.87,174,1832800000,17968221715,
18/11/2018,174.18,179.15,174.18,177.07,1810920000,18288411984,
19/11/2018,177.18,177.18,147.85,149.18,2745160000,15410551811,
20/11/2018,148.81,151.25,126.36,130.34,3134410000,13467303239,
21/11/2018,131.14,138.89,125.76,136.7,2685930000,14127420909,
22/11/2018,136.81,137.74,126.71,126.71,1792150000,13097009562,
23/11/2018,126.42,127.03,119.56,123.3,1998010000,12747016419,
24/11/2018,123.3,126.79,110.83,113.49,1800960000,11735901799,
25/11/2018,113.13,118.88,101.77,116.45,2466750000,12043900588,
26/11/2018,116.34,118.2,104.89,108.34,2139490000,11206775318,
27/11/2018,107.91,111.84,102.45,110.01,2320010000,11382216773,
28/11/2018,110.2,126.05,110.2,122.44,2673470000,12670491119,
29/11/2018,122.72,123.23,115.3,117.54,2196099151,12166285642,
30/11/2018,117.73,119.42,111.74,113.17,2020748396,11716096076,
01/12/2018,113.4,120.84,111.62,118.64,2131475768,12284117522,
02/12/2018,118.27,120.56,116.09,116.39,1856199149,12053770487,
03/12/2018,116.38,116.62,107.42,108.93,1772756193,11282911404,
04/12/2018,108.8,113.14,107.4,110.21,1748116495,11418617063,
05/12/2018,110.34,110.6,102.48,102.48,1990157607,10618884099,
